seed,unique_suggestions,unlimited,hotspot,reviews,activation,voice_number,duration,coupon,compatibility,price,data_amount
holafly,261,5,8,16,32,6,0,13,16,2,5
airalo,261,5,5,12,26,5,0,14,19,2,2
esim iphone,260,1,2,3,9,4,0,1,260,0,2
esim usa,253,16,2,6,1,29,6,3,7,6,27
esim hotspot,227,10,219,7,14,1,0,0,8,0,5
esim europa,223,12,1,1,0,3,6,0,2,7,10
esim albania,200,5,0,10,3,10,2,2,4,9,7
esim egitto,156,4,2,13,5,5,1,0,1,5,9
migliore esim,148,0,1,1,0,1,0,0,0,3,5
esim illimitata,144,125,0,3,4,4,1,1,1,6,4
esim giappone,135,3,2,12,2,5,2,2,4,5,7
esim thailandia,130,6,0,6,3,3,4,0,0,2,5
airalo vs holafly,125,2,2,15,0,0,0,1,0,3,1
esim turchia,124,4,2,8,5,4,1,0,3,5,5
esim svizzera,118,3,1,3,2,5,1,0,0,4,7
airalo recensioni,92,0,2,89,3,1,0,1,1,1,4
codice sconto holafly,49,0,0,0,0,0,0,49,1,0,0
