query,observed_date,result_type,observed_competitor_or_source,url,strategic_note
migliore esim viaggio,2026-08-06,editorial-affiliate-guide,Tom's Hardware Italia,https://www.tomshw.it/smartphone/migliori-esim-da-usare-allestero-in-viaggio,"Fresh consumer-first guide; criteria include local/regional plans, validity, tethering and provider options. Shows the SERP expects an actual buying guide, not workflow explanation."
esim usa,2026-08-06,destination-affiliate-guide,Tom's Hardware Italia,https://www.tomshw.it/smartphone/migliori-esim-da-usare-negli-stati-uniti,"Fresh Italian page with provider/piano selection, coverage, hotspot and limits. Direct competitor shape for /esim-usa."
esim usa,2026-08-06,comparison-aggregator,esims.io,https://esims.io/it/countries/united-states/best-providers,"Large provider/plan comparison surface; differentiation cannot be thin listicle only."
esim giappone,2026-08-06,destination-affiliate-guide,Tom's Hardware Italia,https://www.tomshw.it/smartphone/migliori-esim-da-usare-in-giappone,"Fresh Italian destination guide; covers hotspot, coverage and compatibility."
esim egitto,2026-08-06,comparison-aggregator,esims.io,https://esims.io/it/countries/egypt/best-providers,"Broad provider database. Opportunity requires sharper scenario/evidence usefulness rather than breadth alone."
esim albania,2026-08-06,destination-affiliate-guide,Tom's Hardware Italia,https://www.tomshw.it/smartphone/migliori-esim-da-usare-in-albania,"Fresh destination comparison exposes providers and local-network/hotspot considerations."
holafly codice sconto,2026-08-06,official-transactional,Holafly,https://esim.holafly.com/it/consigli-di-viaggio/codice-sconto-holafly/,"Official page currently publishes short-trip and monthly discount codes. Any affiliate coupon page needs explicit freshness/expiry and must add value beyond copying a code."
airalo recensioni,2026-08-06,reputation-review,Trustpilot Italia,https://it.trustpilot.com/review/airalo.com,"Review SERP contains large current user-review corpus. A SenzaRoaming review must separate verified product facts from attributed user experience/sentiment."
airalo come funziona,2026-08-06,official-provider-guide,Airalo,https://www.airalo.com/it/how-airalo-works/,"Official source owns basic brand explanation. Independent page must answer purchase-decision questions the official page cannot answer neutrally."
esim europa,2026-08-06,editorial-affiliate-guide,TechRadar,https://www.techradar.com/pro/best-esims-for-europe-in-year,"Europe has an active affiliate-comparison SERP even though the current Italian Planner export does not quantify the cluster. Existing Europe evidence makes this strategically important."
ubigi vs holafly,2026-08-06,provider-comparison,Ubigi,https://cellulardata.ubigi.com/it/blog/articles/ubigi-vs-holafly-quale-esim-scegliere-per-il-vostro-viaggio/,"Provider-owned comparison competes on price/hotspot/coverage. Independent comparison should foreground source scope and conflicts."
airalo vs holafly,2026-08-06,video-affiliate-comparison,YouTube / Finanza Personale,https://www.youtube.com/watch?v=kyw895K_z6s,"Commercial comparison intent exists in video even where Planner baseline has no mapped volume. Search-to-social is native to this cluster."
esim viaggio confronto,2026-08-06,video-affiliate-comparison,YouTube / ViaggioVero,https://www.youtube.com/watch?v=98lziRv64Bs,"Italian creator comparison demonstrates affiliate conversion via video, discount codes and practical criteria. Direct proof that social/video and money pages should be one demand system."
airalo affiliate,2026-08-06,official-affiliate-program,Airalo Partners,https://partners.airalo.com/solutions/affiliates,"Official standard commission currently 10% of final sale value; program supports custom links/codes and Impact tracking."
holafly affiliate,2026-08-06,official-affiliate-program,Holafly,https://esim.holafly.com/it/affiliate-program/,"Official affiliate program is active, provides coupons, sales tracking and affiliate support; public page does not state a fixed commission percentage."
ubigi affiliate,2026-08-06,official-affiliate-program,Ubigi,https://cellulardata.ubigi.com/pro/what-is-the-ubigi-affiliate-program/,"Official Impact-based affiliate program exists for eSIM/travel content providers."