cluster,question_or_query,source_class,source_url,intent,owner_candidate,evidence_need,notes
esim-europa,"Quali Paesi sono inclusi nella eSIM Europa?",serp/product-faq,https://esim.holafly.com/it/esim-europa/,commercial,/esim-europa,destination_coverage,"Country membership must be proven; aggregate count alone is insufficient."
esim-europa,"La eSIM Europa funziona nel Regno Unito o in Irlanda?",serp/product-faq,https://esim.holafly.com/es/esim-europa/,commercial,/esim-europa,destination_coverage,"Specific itinerary membership question."
esim-europa,"Quando inizia il piano dati?",serp/product-faq,https://esim.holafly.com/it/esim-europa/,commercial,/esim-europa,activation_policy,"Activation trigger is provider/plan specific."
esim-europa,"Quando devo installare la eSIM?",serp/product-faq,https://www.airalo.com/it/europe-esim/,commercial,/esim-europa,activation_policy,"Installation and activation must remain separate."
esim-europa,"Posso usare hotspot/tethering con una eSIM Europa?",serp/product-faq,https://esim.holafly.com/it/esim-europa/,commercial,/esim-europa,hotspot_policy+hotspot_share_limit,"High-conversion work/travel question."
esim-europa,"Quanti dati posso condividere in hotspot?",serp/product-faq,https://esim.holafly.com/it/esim-europa/,commercial,/esim-europa,hotspot_share_limit,"Separate from overall unlimited label."
esim-europa,"La eSIM Europa è davvero illimitata?",serp-heading,https://esim.holafly.com/it/esim-europa/,commercial,/esim-europa,unlimited_policy+fair_use_policy,"Requires FUP context; ideal social angle."
esim-europa,"Quanti GB mi servono per un viaggio in Europa?",competitor-faq,https://www.kolet.com/it/destinations/esim-europe,commercial,/esim-europa,usage_guidance,"Decision-support content; not provider fact unless plan-specific."
esim-europa,"Posso mantenere il mio numero mentre uso una eSIM?",competitor-faq,https://travel.orange.com/it/acquista-una-sim/offerte/europa,informational,/esim-europa,voice_sms_included+dual_sim_guidance,"Clarify data line vs primary SIM."
esim-europa,"WhatsApp mantiene il mio numero con una eSIM da viaggio?",serp/product-faq,https://esim.holafly.com/it/esim-europa/,informational,/esim-europa,data_only_guidance,"Strong long-tail/social bridge."
esim-europa,"Posso usare SIM fisica ed eSIM contemporaneamente?",competitor-faq,https://travel.orange.com/it/acquista-una-sim/offerte/europa,informational,/esim-europa,device_capability,"Device-specific caveats must remain separate."
esim-europa,"Una eSIM regionale conviene più di una eSIM per singolo Paese?",community-question,https://www.reddit.com/r/backpacking/comments/1tcz943/comparing_esim_options_for_a_europe_trip_dataonly/,commercial,/esim-europa,plan_type+itinerary+price,"Scenario question; no universal answer."
esim-europa,"Quale eSIM scegliere per un viaggio Italia Francia Spagna?",community-question,https://www.reddit.com/r/longtermtravel/comments/1tfc2wd/esimx_in_italyfrance_airaloholafly_reviews_look/,commercial,/esim-europa,destination_coverage+network+hotspot,"Matches our real 14-day regional evidence scenario."
esim-europa,"Airalo o Holafly per l'Europa?",serp-comparison,https://www.reddit.com/r/u_Known_Flower_869/comments/1ukd3x4/holafly_vs_airalo_in_2026_we_used_both_across/,comparative,/airalo-vs-holafly,price+data+fup+hotspot+activation,"Must use bounded scenario rather than generic winner."
esim-europa,"Ubigi o Holafly per l'Europa?",serp-comparison,https://cellulardata.ubigi.com/it/blog/articles/ubigi-vs-holafly-quale-esim-scegliere-per-il-vostro-viaggio/,comparative,/esim-europa,price+data+hotspot+network,"Provider-owned comparison is a competitor source, not independent proof."
migliore-esim,"Qual è la migliore eSIM in assoluto?",existing-page-faq,repository://src/public-article.ts,commercial,/migliore-esim,scenario_criteria,"Answer remains: no universal winner; choose by scenario."
migliore-esim,"Qual è la eSIM più economica?",serp-pattern,https://esims.io/it/regions/europe,commercial,/migliore-esim,price+equivalent_scope,"Price needs equivalent scope/currency/time; no implicit FX."
migliore-esim,"Quale eSIM per chi usa molto hotspot?",serp-pattern,https://www.techradar.com/pro/best-esims-for-europe-in-year,commercial,/migliore-esim,hotspot_policy+share_limit,"Strong scenario card."
migliore-esim,"Quale eSIM per molti giga o dati illimitati?",planner+serp,https://esim.holafly.com/it/esim-europa/,commercial,/migliore-esim,data_gb+unlimited_policy+fup,"Must explain unlimited/FUP."
migliore-esim,"Quale eSIM per viaggio multi-Paese?",serp-pattern,https://www.techradar.com/pro/best-esims-for-europe-in-year,commercial,/migliore-esim,plan_type+destination_coverage,"Natural link to /esim-europa and future regional pages."
airalo-recensioni,"Airalo funziona bene in Italia?",community-question,https://www.reddit.com/r/Airalo/comments/1uqpc30/dont_use_airalo_in_italy/,commercial,/airalo-recensioni,attributed_experience+destination_context,"Anecdote must remain attributed; cannot become performance truth."
airalo-recensioni,"Airalo è affidabile?",review-serp,https://it.trustpilot.com/review/airalo.com,commercial,/airalo-recensioni,official_facts+attributed_sentiment,"Separate product facts, support policy and sentiment."
airalo-recensioni,"Come funziona Airalo?",official-faq,https://www.airalo.com/it/how-airalo-works/,informational,/airalo-come-funziona,provider_process,"Official page answers basics; our page needs neutral purchase-decision context."
holafly-coupon,"Quale codice sconto Holafly devo usare?",official-faq,https://esim.holafly.com/it/consigli-di-viaggio/codice-sconto-holafly/,transactional,/codice-sconto-holafly,coupon_code+applicability+checked_at,"Current official surface distinguishes short-trip vs monthly plan codes."
holafly-coupon,"Il codice sconto Holafly funziona per Europa, USA e Giappone?",official-faq,https://esim.holafly.com/it/consigli-di-viaggio/codice-sconto-holafly/,transactional,/codice-sconto-holafly,coupon_applicability,"High-volatility fact; freshness required."
holafly-coupon,"Posso usare più codici sconto Holafly insieme?",official-faq,https://esim.holafly.com/it/consigli-di-viaggio/codice-sconto-holafly/,transactional,/codice-sconto-holafly,coupon_terms,"Useful FAQ; must be rechecked at publish time."